,skill,count
10900,data,3348
15594,experience,3193
48758,work,2785
43922,team,2735
20913,skill,0
4906,business,2481
39106,science,2323
1521,analysis,2249
39139,scientist,2101
11439,degree,2033
79,ability,1979
24688,learning,1931
36047,python,1923
44153,technology,1921
10801,tool,1880
8255,company,1842
23275,solution,1833
23608,job,0
37649,responsibility,1827
34767,problem,1823
11926,development,1815
1571,analytics,1814
21493,service,0
28186,model,1797
42671,strong,1775
41856,sql,1767
8611,computer,1717
23263,project,1707
25898,machine learning,1691
8119,communication,1684
30737,time,0
14812,environment,1651
14495,engineering,1646
37204,related,0
23284,support,1640
10586,customer,1624
42220,statistic,1613
44007,technical,1610
21508,process,0
43441,system,1581
36146,qualification,1560
16351,field,1550
5527,help,1540
11680,design,1536
15,&,0
25823,r,1506
23249,management,1483
11031,data science,1476
41028,software,1462
38188,role,0
4757,build,0
8583,computer science,1412
11331,decision,1407
24903,level,0
14280,employer,0
12368,disability,0
37496,research,1367
33998,position,0
35669,provide,1350
46193,understanding,1327
44137,technique,1325
48880,world,1314
24338,language,1310
28174,modeling,1302
3382,based,0
1928,application,0
14281,employment,1269
4773,building,1233
795,advanced,1228
30746,one,0
46945,veteran,0
19974,high,1193
37694,result,1192
12993,drive,1186
42226,status,1172
39957,sexual,0
18046,gender,0
48163,well,0
14906,equal opportunity,0
39965,sexual orientation,0
30702,set,0
29167,national,0
1248,source,1121
31468,organization,1117
23949,key,0
32658,people,0
35303,programming,1091
1231,algorithm,1083
36428,race,0
21145,identity,0
5569,candidate,0
8137,communication skill,1070
36224,quantitative,1068
9935,create,0
7867,color,0
2002,apply,0
37273,religion,0
11677,description,0
33621,platform,1041
31555,origin,0
10905,data analysis,1033
25839,e,0
21418,impact,0
11065,database,1016
26722,mathematics,1012
14274,employee,0
43557,value,0
23665,join,0
18049,gender identity,0
48963,written,0
28877,multiple,0
21131,identify,0
965,age,990
15364,excellent,0
2365,3,0
1529,analyst,976
20164,operation,0
32165,part,0
14523,engineer,949
35108,professional,948
7242,client,0
17647,full,0
47332,visualization,933
37440,report,910
2187,area,900
24682,learn,895
27458,method,892
21637,individual,0
42059,stakeholder,0
33691,plus,0
25010,life,0
37650,responsible,854
37262,relevant,845
38994,scale,843
6147,ce,840
23277,strategy,834
5786,career,833
3170,background,0
39952,sex,0
17682,function,814
16256,fi,812
30489,offer,788
34266,practice,786
37427,reporting,783
440,action,774
3726,big data,774
25825,office,0
22258,intelligence,766
18467,global,0
15614,expert,759
41273,solve,757
27049,medical,750
34876,processing,748
17808,g,746
16010,fast,743
19238,group,728
2021,approach,728
25450,location,0
27931,mission,719
36751,real,0
36892,recommendation,715
34764,problem solving,713
23247,leadership,706
19248,growth,0
44560,testing,700
7923,com,0
17121,following,0
18672,goal,684
7468,cloud,681
38736,day,0
27871,mining,675
10151,critical,674
29570,network,666
41472,spark,663
6486,challenge,661
43556,test,660
8656,concept,656
20914,training,638
26493,marketing,638
30024,non,0
33494,plan,0
30332,1,0
34433,presentation,628
13680,education,628
6505,change,627
37208,related field,626
42897,success,625
9938,creating,621
19403,hadoop,618
23246,law,0
35027,production,617
47212,vision,616
19716,health,615
5217,hand,0
8090,committed,613
17081,focus,613
26433,market,608
37987,right,0
11062,data driven,604
26019,maintain,602
20908,manage,602
15353,excel,602
17777,future,0
17670,full time,600
192,access,595
31239,optimization,593
10477,culture,591
43584,tableau,590
7672,code,589
36313,question,584
10995,data mining,583
20191,implementation,583
33098,phd,583
10906,data analytics,580
36910,record,0
8352,competitive,577
45986,type,0
42461,strategic,574
8161,community,572
3398,basic,572
27465,metric,570
34109,power,570
23431,java,567
37628,resource,565
21477,improvement,565
21979,innovation,563
11813,detail,560
27456,methodology,558
32271,passion,555
16477,fi cial,553
5613,capability,551
1533,analytic,548
14609,enterprise,540
11117,datasets,537
23210,issue,534
5222,c,533
2003,applying,528
15707,external,527
42903,successful,518
45683,trend,518
45245,track,515
21113,idea,507
33411,pipeline,507
2730,audience,504
34411,present,503
12408,discipline,503
23084,security,498
20911,review,497
11594,department,497
38912,sa,494
35309,programming language,494
11463,delivering,493
16615,finding,493
11055,data visualization,493
43951,team member,492
8864,consideration,490
13586,economics,484
5824,care,0
38461,4,0
15530,existing,481
12110,digital,480
3078,aws,479
17436,framework,479
11339,decision making,476
36858,receive,475
40333,similar,0
31100,operational,474
17085,focused,473
7141,class,0
11462,delivery,472
13163,duty,472
7783,collaborative,470
16126,feature,469
45099,top,464
33783,policy,461
13216,dynamic,460
2144,architecture,459
47860,web,458
3413,basis,454
16032,fast paced,451
2026,appropriate,449
26741,matter,448
21913,infrastructure,446
9945,creative,446
14326,enable,443
15922,family,441
36284,query,441
7778,collaboration,440
9413,core,439
13620,edge,439
4576,bring,0
15673,expression,437
27583,microsoft,435
12593,diversity,430
11382,deep learning,429
10890,dashboard,429
24922,leverage,425
45618,travel,422
229,accommodation,421
8969,consumer,418
489,activity,414
41587,specific,414
22130,insurance,414
25662,love,413
44455,term,411
6593,characteristic,409
46266,unique,407
11759,designing,406
1169,ai,404
44739,thinking,403
32397,pattern,401
3648,best practice,401
21119,ideal,401
16464,fi ce,396
21883,information technology,396
27982,ml,395
36575,range,392
31952,paid,0
2615,risk,389
30783,online,0
2539,assistance,386
37469,request,385
24711,learning technique,385
958,sale,384
42713,structured,384
8704,condition,384
8612,computing,383
48951,writing,383
33476,place,381
43104,supporting,380
19241,grow,380
26285,manner,380
42937,summary,379
11128,date,0
29220,natural,0
40055,share,376
42709,structure,374
42852,subject,373
16903,flexible,371
18169,generation,371
8814,connect,370
39230,scripting,367
39116,scientific,367
36843,reasonable,366
21507,person,0
33520,planning,364
9659,cost,363
40838,social,362
9242,contribute,360
10721,cutting,359
47231,visit,0
24052,know,358
9769,country,0
3947,bi,357
14368,end end,354
6230,center,353
1368,amazon,353
21187,id,0
7833,collection,352
45073,small,351
20252,hive,350
8310,compensation,349
34533,primary,348
1011,agile,347
45240,track record,345
41063,software development,344
11848,developer,343
23086,100,0
22212,integration,342
7951,comfortable,340
34088,potential,339
31161,operation research,337
13766,efficiency,335
45505,transform,335
5012,business intelligence,333
30006,non technical,332
48967,written communication,332
25,essential,332
33302,physic,330
1711,answer,329
20222,history,328
22706,interpersonal,326
38587,salary,326
19786,healthcare,326
9032,contact,326
15727,extract,324
345,achieve,324
32768,performing,322
2696,attention,322
12296,direct,320
17284,form,320
5881,case,320
11510,demand,319
26865,measure,318
38988,scala,317
22714,interpret,317
7204,clear,0
34784,procedure,316
11633,deployment,315
23089,medium,314
34354,predictive modeling,313
18067,general,313
9255,control,311
26857,meaningful,310
3543,behavior,310
20183,hiring,0
1563,analytical skill,309
21133,identifying,308
8964,consulting,307
15368,exceptional,305
14474,engagement,305
12749,documentation,304
43680,talented,303
588,address,0
22231,integrity,301
319,accuracy,301
10989,data management,300
28315,monitor,299
15179,etl,299
14905,equal employment opportunity,297
33741,point,0
13010,driving,293
37711,resume,291
921,affirmative action,289
18842,government,289
7166,classification,289
20512,hour,0
18166,generate,288
532,ad hoc,287
10997,data modeling,286
41206,solid,284
29234,natural language,284
39739,series,284
2915,automation,283
34360,preg cy,282
46276,unit,282
15407,exciting,280
8407,compliance,279
6491,challenging,278
20179,hire,0
34629,priority,276
26069,major,276
31368,oral,275
430,act,275
2697,attention detail,275
35679,provider,275
14053,email,0
9087,content,274
584,addition,273
25261,listed,272
48689,word,0
11651,depth,0
42207,statistical modeling,270
24770,legal,270
11017,data quality,270
17207,forecasting,269
15236,evaluation,269
39929,setting,268
42780,study,268
6665,check,268
35996,purpose,267
15363,excellence,266
25585,long term,266
12420,discover,266
30480,site,0
36940,recruiting,265
11362,dedicated,265
5287,ca,264
15251,event,264
24731,leave,0
2322,artificial intelligence,263
13771,efficient,263
789,advance,263
7060,citizenship,0
32622,peer,261
16765,fit,261
37824,revenue,0
41433,space,260
18733,google,259
36795,real time,257
12349,direction,257
15413,execution,257
34570,principle,255
2256,art,255
29588,neural,255
30477,page,254
19326,guide,254
30254,number,253
36801,real world,253
46637,validation,253
8089,commitment,252
108,line,252
23279,transformation,252
24347,language processing,252
20044,high quality,252
47475,volume,252
320,accurate,251
26024,maintaining,250
37220,relational database,250
22744,interview,250
29236,natural language processing,248
21478,improving,248
39783,server,248
42116,start,0
34972,product manager,247
7824,collect,246
17473,free,0
48968,written communication skill,245
46345,unstructured data,244
37138,regular,243
26730,matlab,242
27271,mental,242
34254,practical,241
3106,azure,240
39304,search,240
34899,produce,238
8064,commercial,237
2559,associate,237
20692,http,236
15643,explore,236
49014,www,236
33630,play,235
29960,nlp,235
29589,neural network,235
20769,human,0
48887,world class,233
17679,fun,0
295,account,233
48728,work independently,232
11833,detection,232
11237,deadline,232
17349,forward,232
10935,data collection,231
33025,ph,231
144,academic,231
19318,guidance,231
11938,develops,229
10615,customer experience,228
38416,run,227
2446,aspect,227
10998,data model,226
42166,state art,226
11763,desire,226
33638,player,226
32416,pay,225
30494,offering,225
48780,workforce,224
38757,san francisco,224
14305,empower,223
24968,library,222
30779,ongoing,221
21804,inform,221
8441,component,221
17733,fundamental,220
44583,text,220
5077,business process,220
38462,8,0
23256,portfolio,219
43064,supply,218
32944,perspective,218
27062,medical condition,217
26032,mainte ce,217
22174,integrate,217
7932,combination,217
8104,common,216
44960,title,215
20314,home,215
27178,meeting,215
31079,operating,214
30970,open source,214
11011,data processing,214
34019,posse,214
45674,tree,214
46615,vacation,214
41984,stack,213
22633,internet,213
39045,schedule,213
35656,prototype,213
3368,base,213
2503,asset,213
39334,seattle,212
17973,gathering,212
12058,dice,211
26864,measurement,211
39143,scikit learn,211
41340,sound,211
10770,cycle,210
36716,discovery,210
11945,device,210
35366,project management,209
4236,bonus,209
42423,story,208
11460,deliverable,208
48089,website,207
26858,mean,207
17337,fortune,207
32251,partnership,205
18664,go,205
45106,topic,204
15729,extraction,203
8502,computational,203
47084,view,202
13760,effectiveness,200
48770,workflow,199
3237,balance,199
28015,mobile,199
5435,call,198
22385,interface,198
34936,product development,198
31255,option,198
36745,ready,198
46307,university,197
16993,flow,196
41076,software engineer,196
45247,tracking,196
11056,data warehouse,196
37141,regulation,195
17373,foundation,195
8403,complexity,195
12549,distribution,195
5063,business partner,194
35129,professional experience,193
7823,colleague,193
22460,international,193
14714,entry,193
455,active,193
14526,english,192
13742,eeo,192
10954,data engineering,192
36717,reach,192
32212,party,192
41074,software engineering,192
9797,course,191
43588,table,191
11824,detailed,191
22840,investment,190
34427,presentation skill,190
25318,live,190
32025,panda,189
27889,minority,189
31428,ordi ce,189
38151,robust,189
5108,business requirement,189
1990,applied mathematics,189
39231,scripting language,189
6295,certification,188
409,acquisition,188
14410,energy,188
20910,news,188
7210,clearance,188
37642,response,187
16576,fi cial service,186
42931,suite,186
16193,feedback,185
20094,high level,184
41875,sql server,184
31077,operate,184
30131,note,184
41517,special,183
7069,city,183
42854,subject matter expert,182
10499,curiosity,182
23091,retail,181
13594,ecosystem,181
2114,architect,181
12964,dream,181
27763,military,181
31806,ownership,181
32170,part team,180
6475,chain,180
46456,usage,180
17108,follow,179
42137,starter,179
21875,information system,178
22832,investigation,178
29253,nature,178
30383,object,178
31272,oracle,178
31675,look,178
23762,junior,178
14472,engage,178
8393,completion,177
35007,product service,177
11546,demonstrated ability,177
36225,quantitative analysis,176
34351,predictive analytics,175
47596,wa,175
17298,format,174
30118,nosql,174
48651,woman,174
28486,move,174
837,advice,173
11042,data structure,173
26698,material,173
22711,interpersonal skill,172
27286,mentor,172
21583,independent,172
44196,technology &,172
34392,preparation,172
42371,storage,172
39161,scope,170
39544,self starter,169
26620,massive,169
22002,input,169
30270,numpy,168
10031,creativity,168
40340,simple,168
40020,shape,167
9132,context,167
9244,contribution,166
9354,coordinate,166
11338,decision tree,166
46529,us,166
45920,turn,165
8719,conducting,165
10535,custom,165
15639,exploratory,165
16022,fast paced environment,164
6536,channel,164
41324,sophisticated,164
8308,compelling,164
30147,novel,164
7777,collaborating,164
45816,trust,162
34349,prediction,162
40361,simulation,162
36886,recognition,162
7183,clean,162
11902,development team,161
17267,forest,161
31743,outstanding,161
46466,use case,160
42392,store,160
48295,wide range,159
29982,supervision,159
2487,assessment,158
1450,america,157
46647,valuable,157
25037,lifecycle,157
38418,running,156
46992,video,156
40664,smart,156
22296,interaction,156
2537,assignment,155
25145,linear,155
9822,coverage,155
43965,team player,155
5172,business unit,155
8751,conference,154
21894,informed,153
19019,graph,153
43066,supply chain,153
10177,critical thinking,153
18181,generous,153
37269,reliable,152
34522,pricing,152
16901,flexibility,152
25199,linux,152
26663,match,152
39512,selection,151
7198,cleaning,151
17833,gain,151
11045,data system,151
25275,list,151
34114,power bi,150
5511,campaign,150
27828,mind,150
46844,vendor,150
27866,minimal,149
34200,powerpoint,149
37592,resolve,149
45334,traditional,148
32368,patient,148
43744,target,148
38409,rule,148
12612,division,148
27840,mindset,148
15545,expand,147
15904,fair,147
13448,easy,147
41707,sponsorship,147
43938,team environment,146
35187,profile,146
23693,journey,146
31727,output,146
26279,manipulating,146
11012,data product,145
30398,obtain,145
14715,entry level,145
8685,conclusion,145
41564,specialized,144
20296,holiday,144
38237,root,143
12351,director,143
46354,update,142
14328,enabling,142
27288,mentoring,142
26031,maintains,141
14367,end user,141
35912,publisher,141
26557,marketplace,140
18423,git,140
45451,transaction,140
42280,step,139
5639,capital,0
36891,recommend,139
23264,recruitment,139
15558,expectation,139
40139,short,138
37776,retirement,138
1681,annual,138
17384,founded,137
11435,definition,137
43025,supervised,137
7440,close,137
34078,post,137
15340,example,137
806,advantage,137
23267,sector,136
1804,apache,136
909,affiliation,136
23993,kind,136
10044,credit,136
15666,exposure,136
8954,consultant,135
26191,management skill,135
34705,private,135
25763,lunch,135
47246,visual,135
20120,highest,135
12950,draw,134
15611,experimentation,134
45382,train,133
38521,safety,133
47974,web service,133
17549,friendly,133
39489,segmentation,133
47202,visa,133
41586,specification,133
42028,stage,132
37522,researcher,132
37016,reduce,132
38470,s3,132
643,administration,132
823,advertising,132
39896,serving,131
22715,interpretation,131
5009,business insight,131
4922,business analytics,131
39029,scenario,130
35903,publication,130
44668,theory,129
22420,intermediate,129
29882,nice,128
16313,field experience,128
42625,strength,128
10676,customer service,128
38957,saving,127
19168,ground,127
36622,rate,127
26308,manufacturing,126
7839,college,126
17462,fraud,125
7481,cloud based,125
47426,voice,125
38239,root cause,124
15235,evaluating,124
2705,attitude,124
44738,thinker,124
19815,hear,124
15807,facebook,124
8816,connected,124
7201,cleansing,123
29797,new york,123
13558,econometrics,123
28184,modelling,123
16369,file,123
32449,payment,123
3172,background check,123
9819,cover,123
37632,respect,122
39100,school,122
34970,product management,122
41836,spss,122
18840,gover ce,122
5619,capable,122
14960,equity,121
4910,business acumen,121
31535,organized,121
42779,student,121
20515,house,121
30095,north,121
41934,sr,121
7970,commerce,121
11059,data warehousing,120
24244,lake,120
34943,product engineering,120
44747,third party,120
26343,map,120
26363,mapreduce,120
35497,property,119
9937,creates,119
43996,teamwork,118
46484,user experience,117
15556,expect,117
11478,delivers,117
40379,single,117
35310,progress,117
25180,linkedin,117
40210,sick,117
39569,self motivated,117
17893,game,116
15866,factor,116
38121,roadmap,116
16212,female,116
35407,project team,116
22209,integrating,116
23743,judgment,116
17912,gap,115
34743,probability,115
48188,wellness,115
14024,eligibility,115
27629,microsoft office,115
41625,speed,114
37871,reward,114
21313,image,114
42606,stream,114
84,ability work independently,113
37773,retention,113
8682,concise,113
35473,promotion,113
3054,award,113
35306,programming experience,113
32793,perl,113
7578,co,113
40491,size,113
17354,foster,113
14213,emphasis,112
3453,bayesian,112
38004,rigorous,112
28506,moving,112
11662,derive,112
19533,hardware,112
22808,inventory,112
23472,javascript,112
32364,path,111
7113,claim,111
34071,posting,111
12545,distributed system,111
34733,proactive,111
44116,technical team,110
1565,analytical solution,110
29060,mysql,110
33138,phone,110
18167,generating,110
9600,corporation,110
14513,engineering mathematics,109
277,accounting,109
21988,innovative solution,109
15602,experimental design,109
33447,pivot,109
20152,highly motivated,108
48141,weekly,108
1528,analysis tool,108
24822,legal requirement,108
1390,amazon web service,108
17018,fluency,108
11549,demonstrated experience,107
22092,institution,107
26665,matching,107
6853,choice,107
39423,security clearance,107
34826,process improvement,107
11753,design build,107
1526,analysis skill,106
21129,identification,106
6635,chart,106
34399,preparing,106
19640,hbase,106
46736,vast,106
22242,intellectual,106
15640,exploratory data analysis,105
2032,apps,105
24504,launch,105
43017,superior,104
10961,data extraction,104
37590,resolution,104
42216,statistical software,104
42354,stock,103
1419,american,103
48523,winning,103
32234,partnering,103
3584,belief,103
3553,behavioral,103
10977,data integration,103
17297,formal,103
45572,transportation,103
10809,d3,102
14686,entity,102
37194,reimbursement,102
36938,recruiter,102
35799,pto,101
41674,spirit,101
2049,aptitude,101
737,adoption,101
20469,hospital,101
40776,snack,101
39653,senior management,101
5621,capacity,101
46329,unlimited,101
7471,cloud computing,100
13164,duty assigned,100
38287,routine,100
40485,situation,100
11284,deal,100
28152,model development,100
42896,succeed,100
12700,docker,100
25024,life insurance,100
1697,anomaly detection,100
7,a/b testing,100
4357,box,99
45494,transfer,99
12088,difficult,99
18197,genetics,99
2839,authorization,99
21266,ii,99
12267,dimensional,98
26137,manage multiple,98
33361,pig,98
39355,secret,98
45889,tuning,98
43180,survey,98
24707,learning solution,98
21623,indicator,98
2613,command,97
29709,new idea,97
21541,inclusion,97
22026,insightful,97
36660,raw,97
5779,card,96
11678,descriptive,96
17322,formulate,96
42781,studio,96
17720,functionality,96
11279,dealing,96
26305,manual,96
43685,talk,96
22069,institute,96
36397,r &,95
9243,contributing,95
32058,paper,95
5136,business strategy,95
38941,satisfaction,95
46449,usa,94
37145,regulatory,94
36318,quick,94
271,accountability,94
11628,dependent,94
10908,data architecture,94
14480,engaging,94
37283,relocation,94
24420,large volume,94
28302,mongodb,94
31029,opening,93
5174,business value,93
26763,maximize,93
1568,analytical technique,93
12774,le,93
45877,tuition,93
44222,technology solution,93
35551,propose,93
45262,trade,92
35550,proposal,92
17191,profit,92
15026,error,92
44107,technical solution,92
24208,laboratory,92
37264,reliability,92
39509,select,91
39207,screen,91
13352,e verify,91
27614,microsoft excel,91
1303,alternative,91
32921,personnel,91
45789,troubleshooting,91
27223,membership,91
44882,time management,91
13222,dynamic environment,90
35602,protection,90
24748,led,90
3869,biology,90
24895,letter,90
11408,defense,90
13872,electrical engineering,90
31674,going,90
41279,solver,90
8392,completed,90
24314,landscape,89
44904,timeline,89
43414,synthesize,89
35478,proof,89
5195,buy,89
38509,safe,89
20898,hypothesis testing,89
35092,productivity,89
2577,assurance,89
23237,audit,89
35599,protect,88
1821,apache spark,88
34532,pride,88
19247,growing team,88
42875,subsidiary,88
31375,oral communication,88
25533,logistics,88
12404,disciplinary,88
10978,data integrity,88
25620,los,88
4741,budget,88
10800,link,87
22039,inspire,87
25623,los angeles,87
9232,contractor,87
17558,front,87
23648,job title,87
47208,visibility,87
37037,reference,86
3306,banking,86
13267,e commerce,86
805,advancement,86
37438,reporting tool,86
7502,cluster,86
11820,detail oriented,86
1867,app,86
11036,data solution,85
10990,data manipulation,85
18429,giving,85
9908,craft,85
12438,discrimination,85
37054,referral,85
34021,possibility,85
26207,manages,85
23373,j,0
46477,user behavior,84
30758,one world,84
21130,identifies,84
32778,period,84
8158,communicator,84
35123,professional development,84
14664,entertainment,84
13486,ec2,84
9312,conversion,84
649,administrative,84
21775,influencing,83
21993,innovator,83
22096,instruction,83
15163,ethic,83
37506,research development,83
37485,requisition,83
1080,aim,83
23663,joining,83
9173,continuous improvement,83
32102,parameter,83
8900,construct,82
20000,high impact,82
44167,technology company,82
40215,side,82
15645,exploring,82
8762,configuration,82
34181,powerful,82
39147,scipy,82
48757,work life,82
40701,smarter,81
18590,global team,81
669,administrator,81
33923,population,81
33349,picture,81
25385,load,81
27404,metadata,81
2247,array,81
17131,food,81
8718,conducted,81
32181,participation,81
25496,logic,80
44779,thought leadership,80
33079,phase,80
20106,high volume,80
45560,transparency,80
15798,face,80
15296,evidence,79
35047,production environment,79
40619,small business,79
48800,working experience,79
7827,collecting,79
12443,disease,79
19704,headquarters,79
16446,final,79
11758,designer,79
19705,head,79
16189,fee,79
46914,version,79
953,effect,79
8597,computer vision,79
38783,sap,79
11715,design implementation,79
10974,data infrastructure,79
11720,design experiment,78
11063,data driven decision making,78
15547,expanding,78
4509,break,78
25369,llc,78
24687,learner,78
41864,sql database,78
13590,economy,78
37801,retrieval,78
36755,real estate,78
44432,teradata,78
43988,teammate,78
37254,release,77
40258,signal,77
42212,statistical programming,77
26195,management system,77
18757,google cloud,77
10747,cyber,77
22707,interpersonal communication,77
39491,segment,76
40026,shaping,76
0,certified,76
11964,devops,76
4508,breadth,76
11072,database design,76
30900,onsite,76
19244,growing company,76
19360,gym,76
20290,hold,76
37856,reviewed,75
9358,coordinating,75
8825,connection,75
7688,code review,75
7615,coaching,75
5940,cassandra,75
5128,business solution,75
40517,skill set,75
46886,verification,75
30128,notebook,75
48719,work effectively,75
391,acquire,75
12416,discount,75
12440,discus,74
25821,& experience,74
20636,hr,74
39511,selecting,74
38485,saas,74
27962,mix,74
29740,new opportunity,74
32206,particular,74
14547,enhancing,74
13553,ecommerce,74
22718,interpreting,74
38741,sample,74
48385,window,74
37517,research project,74
10690,customer facing,74
3854,bioinformatics,74
4321,boston,73
1367,amazing,73
2307,articulate,73
2575,assumption,73
3065,awareness,73
13376,eager,73
34356,preference,73
8821,connecting,73
34482,pressure,73
17338,fortune 100,73
7479,cloud service,73
46636,validating,72
12194,digital marketing,72
19325,guideline,72
43926,team building,72
31785,oversight,72
37450,representative,72
37815,return,72
8899,constraint,71
9821,cover letter,71
46438,u citizen,71
5052,business opportunity,71
23924,key metric,71
39203,screening,71
23299,item,71
46698,variable,71
39541,self service,71
48861,workshop,71
17340,fortune 500,71
30097,north america,70
6601,charge,70
36841,reason,70
5050,business operation,70
3540,beginning,70
39910,session,70
10604,customer data,70
35157,professional service,70
42596,streamline,70
22893,investor,70
1027,agility,70
44591,text mining,70
1556,analytical model,70
29573,networking,70
22171,integral,70
15401,exchange,69
5546,cancer,69
24115,kpi,69
4770,builder,69
17019,fluent,69
19816,hearing,69
38952,save,69
26551,marketing team,69
32703,perfect,69
44843,tier,68
47130,virtual,68
1402,ambitious,68
44887,time series analysis,68
7787,collaborative environment,68
5796,career development,68
46314,unix,68
24356,language java,68
26731,matplotlib,68
46552,utilization,68
3915,biostatistics,67
35479,proof concept,67
23629,job posting,67
2546,assisting,67
852,advocate,67
9368,coordination,67
16402,fill,67
33448,pivot table,67
45973,twitter,67
17213,forefront,67
843,advisor,67
38707,salesforce,67
10647,customer need,66
21816,informatics,66
9607,correct,66
40658,small team,66
10967,data gover ce,66
38989,scalability,66
34902,producing,66
15888,failure,66
33396,pioneering,66
42067,stand,66
38748,sampling,66
4287,boosting,66
1843,api,66
46825,vehicle,66
27212,member team,66
27936,mission critical,66
2982,availability,66
2837,authority,66
40077,shell,65
9028,consumption,65
46635,valid,65
23266,risk management,65
45155,touch,65
47218,vision insurance,65
2715,attribution,65
5802,career opportunity,65
32140,parent,65
41806,spreadsheet,64
12421,discovering,64
14520,engineering statistic,64
5037,business metric,64
4920,business analysis,64
7825,collected,64
2116,architectural,64
37101,region,64
15859,fact,64
23692,journal,64
680,adobe,63
15170,ethnicity,63
34374,premier,63
34513,price,63
40944,social science,63
42218,statistical tool,63
5516,campus,63
35659,prototyping,63
10684,customer support,63
839,advise,63
38397,ruby,63
350,achievement,63
32914,personalization,63
6767,childbirth,63
43895,teach,63
34386,premium,63
44744,thinking skill,63
353,achieving,63
40129,shopping,62
23931,key role,62
14009,element,62
20128,highlight,62
21457,implication,62
5149,business technology,62
21609,index,62
41459,span,62
8904,construction,62
43979,team focused,62
20912,v,61
35576,prospect,61
35641,protocol,61
35370,project management skill,61
11906,development opportunity,61
6500,champion,61
34495,presto,61
1073,aid,61
31095,operating system,61
7937,combined,61
8548,computer engineering,61
35997,pursuing,61
7272,client facing,61
16165,federal law,61
23085,utility,61
39359,section,61
6741,chicago,61
38294,row,60
4341,boundary,60
5949,casual,60
7353,clinical data,60
21132,identify trend,60
592,addressing,60
37658,rest,60
29693,new feature,60
28697,multi disciplinary,60
16505,fi cial data,60
15313,evolve,60
22703,internship,60
26783,mba,60
5861,car,59
39609,semi,59
11008,data preparation,59
4819,building model,59
4997,business group,59
22454,internal team,59
46780,vector,59
43535,system engineering,59
11630,deployed,59
80,ability learn,59
17737,funding,59
27833,minded,59
39239,scrum,59
41145,software system,59
18742,google analytics,59
27155,medicine,59
27175,meet deadline,59
25529,logistic regression,58
9151,contingent,58
17623,fuel,58
21945,initial,58
4938,business case,58
47827,wealth,58
37217,relation,58
28289,money,58
14515,engineering physic,58
40154,short term,58
18900,government security,58
15689,extend,58
12244,digital transformation,58
37196,reinforcement,58
41494,speak,58
17088,focusing,58
23860,keen,58
39820,service company,57
44782,threat,57
998,agent,57
19990,high energy,57
25115,limitation,57
27867,minimal supervision,57
1000,aggregate,57
36859,received,57
7169,classified,57
38961,savvy,56
19576,harness,56
45719,trial,56
41729,sport,56
42718,structured data,56
4969,business development,56
14595,enterprise data,56
11024,data reporting,56
11009,data presentation,56
43063,supplier,56
12891,downtown,56
37261,relevance,56
41594,spectrum,56
27898,minute,56
5015,business intelligence tool,56
36166,quality assurance,56
44883,time management skill,56
2957,autonomy,55
4041,blog,55
25594,long term disability,55
25988,mail,55
3492,200,55
1243,alignment,55
1034,agreement,55
31899,pacific,55
10919,data center,55
40903,social medium,55
43904,teaching,55
19891,helpful,55
23276,sourcing,55
42148,stata,55
41116,software product,55
43123,surface,55
37445,repository,55
15122,estimate,55
6771,child,54
14570,ensemble,54
12798,domain knowledge,54
20746,human resource,54
42672,strong attention detail,54
32741,performance metric,54
10611,customer engagement,54
37399,repeatable,54
42219,statistician,54
31542,organizing,54
41940,ssa,54
18933,grade,54
36265,quarterly,54
37698,result analysis,54
35873,public sector,54
8955,consultation,54
24021,kitchen,54
44585,text analytics,54
8394,complex analysis,54
47630,walk,53
15506,exercise,53
22440,internal customer,53
2560,association,53
28437,motivation,53
15746,eye,53
37499,research analysis,53
12411,disclosure,53
30539,office suite,53
46183,undergraduate,53
8386,complaint,53
23306,iterative,53
597,adept,53
35131,professional growth,53
35374,project manager,53
9829,covering,53
11369,dedication,53
4133,board,53
25061,lifetime,52
26498,marketing analytics,52
19329,guiding,52
17744,fund,52
37695,result oriented,52
21683,industrial engineering,52
48799,working environment,52
42097,standing,52
44202,technology platform,52
10963,data flow,52
16437,filtering,52
11048,data transformation,52
39672,sensitive,52
37082,refresh,52
20671,html,52
40416,sit,52
11471,delivering result,52
15307,evolution,52
46916,version control,52
33509,planet,51
10902,data acquisition,51
34975,product marketing,51
24764,legacy,51
37473,requirement gathering,51
24664,lean,51
37508,research experience,51
23926,key performance indicator,51
17356,fostering,51
15713,external client,51
46605,va,51
16773,fitness,51
10933,data cleaning,51
5205,buying,51
7326,client need,51
21855,information retrieval,51